Chapdelaine,Christopher,26491
Van Elkington,Coreen,15989
Virgil,Marcelene,8039
Gheen,Celeste,7526
Zapien,Daniella,12499
Toledo,Flavia,14130
Rollison,Aurelia,9291
Wendland,Asuncion,6312
Jurado,Lucinda,18050
Fugitt,Broderick,3157
Fujiwara,Myrtle,4079
Hockman,Evonne,21720
Steveson,Donnette,19206
Escudero,Wanda,25181
Hoos,Leonore,32620
Enderle,Britta,21598
Quellette,Margery,31078
Kao,Antonette,31368
Garrity,Tad,25464
Skowronski,Cris,8017
Devoe,Barrie,1275
Esposito,Mikki,9381
Kist,Scott,775
Mccallie,Jong,20146
Serpa,Jessia,10754
Stauffer,Elvin,29367
Boelter,Cierra,31934
Sklar,Jane,3947
Epperson,Zandra,15075
Kurt,Rosanna,2638
Kwiecien,Gema,29468
Jeppson,Derrick,22794
Falcone,Hue,13887
Stronach,Lakia,12197
Malinowski,Leonila,20328
Bible,Hilda,21564
Forcier,Carylon,12732
Cardinale,Ebony,26236
Teems,Xochitl,18264
Poppell,Jerrold,11532
Pontes,Alan,9616
Gist,Silvia,17588
Castro,Alpha,4486
Heart,Jonas,19673
Deramus,Jessica,25806
Yule,Lizette,21164
Roseborough,Carolin,29843
Taormina,Bernarda,14361
Riche,Lorrine,20083
Hale,Brenda,5470