Scott,Kist,775
Barrie,Devoe,1275
Rosanna,Kurt,2638
Broderick,Fugitt,3157
Jane,Sklar,3947
Myrtle,Fujiwara,4079
Alpha,Castro,4486
Brenda,Hale,5470
Asuncion,Wendland,6312
Celeste,Gheen,7526
Cris,Skowronski,8017
Marcelene,Virgil,8039
Aurelia,Rollison,9291
Mikki,Esposito,9381
Alan,Pontes,9616
Jessia,Serpa,10754
Jerrold,Poppell,11532
Lakia,Stronach,12197
Daniella,Zapien,12499
Carylon,Forcier,12732
Hue,Falcone,13887
Flavia,Toledo,14130
Bernarda,Taormina,14361
Zandra,Epperson,15075
Coreen,Van Elkington,15989
Silvia,Gist,17588
Lucinda,Jurado,18050
Xochitl,Teems,18264
Donnette,Steveson,19206
Jonas,Heart,19673
Lorrine,Riche,20083
Jong,Mccallie,20146
Leonila,Malinowski,20328
Lizette,Yule,21164
Hilda,Bible,21564
Britta,Enderle,21598
Evonne,Hockman,21720
Derrick,Jeppson,22794
Wanda,Escudero,25181
Tad,Garrity,25464
Jessica,Deramus,25806
Ebony,Cardinale,26236
Christopher,Chapdelaine,26491
Elvin,Stauffer,29367
Gema,Kwiecien,29468
Carolin,Roseborough,29843
Margery,Quellette,31078
Antonette,Kao,31368
Cierra,Boelter,31934
Leonore,Hoos,32620
