Bible,Hilda,21564
Boelter,Cierra,31934
Cardinale,Ebony,26236
Castro,Alpha,4486
Chapdelaine,Christopher,26491
Deramus,Jessica,25806
Devoe,Barrie,1275
Enderle,Britta,21598
Epperson,Zandra,15075
Escudero,Wanda,25181
Esposito,Mikki,9381
Falcone,Hue,13887
Forcier,Carylon,12732
Fugitt,Broderick,3157
Fujiwara,Myrtle,4079
Garrity,Tad,25464
Gheen,Celeste,7526
Gist,Silvia,17588
Hale,Brenda,5470
Heart,Jonas,19673
Hockman,Evonne,21720
Hoos,Leonore,32620
Jeppson,Derrick,22794
Jurado,Lucinda,18050
Kao,Antonette,31368
Kist,Scott,775
Kurt,Rosanna,2638
Kwiecien,Gema,29468
Malinowski,Leonila,20328
Mccallie,Jong,20146
Pontes,Alan,9616
Poppell,Jerrold,11532
Quellette,Margery,31078
Riche,Lorrine,20083
Rollison,Aurelia,9291
Roseborough,Carolin,29843
Serpa,Jessia,10754
Sklar,Jane,3947
Skowronski,Cris,8017
Stauffer,Elvin,29367
Steveson,Donnette,19206
Stronach,Lakia,12197
Taormina,Bernarda,14361
Teems,Xochitl,18264
Toledo,Flavia,14130
Van Elkington,Coreen,15989
Virgil,Marcelene,8039
Wendland,Asuncion,6312
Yule,Lizette,21164
Zapien,Daniella,12499
